Student_ID,Age,Study_Hours,Attendance_Percent,Assignments_Score,Midterm_Score,Final_Score,Projects_Score
1,24,4.44,82.06,90.27,57.21,38.81,40.97
2,21,3.91,74.46,64.3,53.09,21.55,33.14
3,22,5.29,80.02,61.23,69.44,39.83,34.42
4,24,3.43,93.81,68.54,55.9,31.24,55.64
5,20,4.39,65.92,89.7,76.52,35.84,53.61
6,25,3.1,91.68,74.91,51.25,54.72,
7,22,9.43,93.81,64.03,80.43,76.62,47.47
8,22,5.57,76.58,79.26,68.67,42.49,41.53
9,24,4.1,52.54,55.47,37.4,19.13,33.65
10,19,5.93,70.71,82.22,72.12,55.45,62.5
11,20,5.28,93.56,78.13,54.16,56.65,37.94
12,24,5.06,77.73,67.38,50.96,28.76,52.42
13,20,6.73,66.01,59.42,61.49,49.98,35.3
14,20,7.02,71.94,58.7,63.32,38.14,39.17
15,25,4.44,88.09,80.02,49.88,28.77,54.9
16,22,4.35,84.56,90.43,77.67,62.31,54.57
17,21,4.95,75.13,62.44,59.86,49.04,44.68
18,25,0.9,73.6,78.88,39.92,44.95,42.55
19,25,2.47,73.3,40.69,16.88,0.0,24.44
20,20,8.23,66.93,63.23,66.26,54.67,23.27
21,23,8.79,97.38,71.53,70.04,58.58,33.6
22,22,5.0,74.13,58.35,53.23,39.97,46.98
23,19,6.65,92.61,57.95,54.86,29.84,51.83
24,25,6.12,96.26,61.98,38.51,25.09,29.94
25,21,11.66,89.98,76.38,84.76,70.36,56.04
26,23,7.74,72.82,69.19,65.95,51.03,52.51
27,23,5.24,82.84,38.43,48.45,20.92,37.65
28,19,3.59,77.71,40.19,29.48,18.46,6.08
29,25,2.29,67.16,62.9,60.53,37.14,35.15
30,21,5.91,81.89,78.87,47.89,47.74,45.61
31,22,3.99,63.85,30.79,45.99,28.97,33.38
32,18,2.66,92.25,64.5,43.86,32.08,65.64
33,21,4.21,72.42,64.11,60.68,24.52,42.79
34,19,3.34,80.41,92.83,65.2,59.21,44.84
35,23,8.87,81.4,66.22,83.32,57.2,56.87
36,22,7.26,74.89,77.74,67.94,61.49,67.0
37,21,5.48,85.04,74.12,51.72,56.09,48.73
38,18,8.46,72.3,40.04,70.07,48.11,28.58
39,18,5.65,88.46,83.52,67.42,40.19,65.43
40,20,3.78,61.85,75.23,58.7,26.28,56.11
41,20,8.55,79.52,79.62,90.33,80.94,50.29
42,24,6.58,100.0,100.0,70.99,65.16,68.21
43,19,3.43,66.0,40.74,42.06,15.68,39.68
44,25,5.12,69.87,97.87,68.41,59.69,74.24
45,21,3.75,84.17,67.69,50.9,40.15,43.46
46,21,2.73,80.15,76.31,53.63,36.59,44.85
47,25,7.35,82.21,71.32,53.63,44.83,59.61
48,24,9.32,83.87,65.64,65.59,53.6,36.16
49,23,2.7,85.62,63.45,59.22,41.09,48.42
50,23,6.63,91.32,76.94,77.68,64.58,42.0
51,24,4.2,82.92,49.24,43.25,22.71,44.68
52,23,4.53,75.1,83.26,66.33,56.08,52.6
53,20,4.32,86.07,65.76,50.48,34.04,55.98
54,21,3.77,100.0,55.05,58.93,29.44,45.36
55,24,5.6,76.41,65.25,56.27,32.22,32.6
56,21,3.84,66.31,90.86,67.64,36.52,73.0
57,25,6.04,91.28,63.97,70.81,47.75,63.51
58,18,5.4,76.56,77.38,,53.89,
59,20,5.02,51.93,61.04,69.25,28.33,38.42
60,22,3.68,88.17,83.37,45.29,39.35,46.7
61,20,4.35,71.58,82.28,78.94,44.34,59.3
62,24,7.01,76.91,99.73,79.17,63.45,59.39
63,22,6.5,81.98,69.37,61.73,33.47,65.2
64,18,3.54,80.29,82.03,40.4,30.61,49.34
65,24,5.7,86.51,73.47,58.66,44.09,22.12
66,19,7.0,72.77,91.44,67.9,61.62,63.27
67,21,,84.16,61.22,36.24,22.27,33.67
68,18,6.59,74.89,83.18,70.72,43.63,56.01
69,21,4.17,86.87,69.08,64.27,52.1,44.51
70,23,6.64,85.38,71.04,67.71,53.5,58.63
71,19,3.97,66.77,73.38,59.33,37.78,60.04
72,19,1.89,91.03,75.78,38.29,27.1,46.98
73,18,2.24,71.57,70.26,38.81,17.02,38.49
74,19,5.6,87.7,75.22,81.74,58.78,55.27
75,22,6.02,82.41,95.67,69.35,62.63,62.09
76,19,3.69,100.0,86.78,79.06,41.3,51.71
77,21,6.78,75.32,85.04,71.45,51.23,63.61
78,21,2.18,73.81,65.17,44.57,20.55,45.61
79,24,5.37,77.77,58.66,64.44,42.38,59.25
80,21,3.08,74.36,86.33,,56.41,70.3
81,24,4.2,87.6,85.14,62.5,40.47,48.13
82,21,5.59,58.6,94.09,70.25,46.5,69.5
83,22,3.78,65.36,62.94,49.17,22.22,32.05
84,25,4.73,65.19,68.56,60.01,29.27,53.99
85,24,7.51,89.4,47.41,65.04,42.62,34.3
86,20,4.35,98.53,66.11,53.79,46.95,34.05
87,23,7.17,76.75,86.95,82.7,53.86,64.39
88,18,3.24,75.97,65.0,65.1,39.61,19.59
89,21,6.56,78.84,81.61,74.94,41.36,39.59
90,19,8.38,91.94,69.14,74.68,55.89,50.1
91,25,0.56,66.87,76.86,29.31,10.51,42.88
92,21,3.91,80.86,54.78,19.45,29.93,26.8
93,19,6.65,89.7,73.28,70.8,52.42,36.55
94,23,5.09,84.01,27.13,34.35,0.0,13.89
95,23,6.24,80.27,69.2,57.88,26.07,51.08
96,23,4.29,90.01,47.54,45.75,27.91,39.72
97,19,5.67,45.56,90.09,71.64,52.7,59.71
98,21,5.19,86.13,83.66,78.05,59.88,70.02
99,23,7.84,70.15,79.0,75.65,59.25,60.4
100,22,6.01,56.03,94.82,68.71,61.6,53.87
101,24,6.18,84.13,57.77,66.37,39.79,41.33
102,19,4.68,94.48,98.21,70.55,66.82,48.97
103,19,4.52,76.35,85.98,70.66,34.86,56.41
104,21,4.63,89.43,68.45,51.41,30.21,55.94
105,19,6.29,97.35,89.03,67.63,43.53,65.4
106,19,4.66,93.78,55.41,49.95,31.81,52.6
107,23,6.08,97.68,59.63,57.24,43.87,39.64
108,21,9.65,86.91,62.87,77.98,63.8,63.66
109,23,7.24,78.91,64.07,61.52,47.12,44.09
110,24,4.85,58.78,56.15,31.91,9.9,49.17
111,25,7.9,75.05,90.35,76.97,62.02,61.66
112,24,4.68,67.88,68.12,64.14,25.25,54.93
113,25,1.42,100.0,77.29,45.23,43.94,61.19
114,23,3.48,75.89,63.44,46.37,24.76,39.08
115,24,1.76,79.48,44.69,41.48,10.05,33.1
116,21,4.8,84.62,76.05,53.9,55.72,61.78
117,18,5.54,78.52,43.32,30.54,8.97,27.18
118,23,8.85,98.34,70.97,72.84,53.63,39.15
119,25,6.15,70.53,51.48,48.09,20.88,58.15
120,22,5.06,80.34,100.0,65.58,54.17,57.96
121,25,7.16,69.09,85.67,74.0,60.92,60.43
122,22,1.08,62.16,73.59,49.7,28.55,57.37
123,19,5.97,70.66,90.96,73.82,78.78,54.79
124,24,7.04,77.56,59.31,63.85,24.76,34.33
125,22,2.54,72.85,80.15,72.39,46.95,57.34
126,25,7.79,69.69,75.0,68.97,48.06,35.01
127,19,6.18,61.12,75.96,69.27,41.29,50.16
128,18,4.67,77.0,91.09,63.68,43.22,60.53
129,21,6.77,59.94,82.99,64.24,40.06,52.4
130,21,10.04,87.12,76.33,76.3,83.12,40.5
131,21,5.86,78.99,47.18,44.61,36.51,49.79
132,22,6.0,60.51,57.6,59.26,35.15,43.27
133,18,4.58,74.29,70.16,80.4,60.21,67.13
134,22,3.8,68.97,73.4,48.41,17.51,43.48
135,24,7.16,81.83,55.05,54.75,28.87,31.45
136,22,3.79,94.09,100.0,69.52,36.57,66.02
137,18,5.64,55.5,94.75,78.64,48.06,61.55
138,18,4.54,79.38,81.03,65.38,47.72,42.17
139,24,6.46,76.08,73.08,78.87,55.39,68.92
140,18,6.17,86.06,68.82,38.25,37.66,35.85
141,25,7.58,80.56,57.72,38.18,22.55,19.01
142,18,4.48,68.98,73.16,53.2,42.46,60.62
143,21,4.96,74.17,75.87,72.54,49.78,48.47
144,25,3.54,68.45,53.37,27.87,20.56,25.79
145,25,4.61,90.91,77.01,30.73,15.31,25.84
146,24,6.25,78.26,69.67,69.05,51.59,67.59
147,20,7.01,100.0,43.38,54.35,29.99,21.97
148,20,3.66,77.27,59.09,36.22,18.69,37.15
149,18,7.24,69.5,65.8,55.29,46.81,54.37
150,25,8.21,59.84,100.0,78.15,65.58,70.81
151,20,6.33,56.36,80.35,70.6,40.3,54.79
152,20,9.25,58.99,51.97,59.33,42.45,23.52
153,18,3.95,81.21,79.29,64.36,30.09,44.66
154,20,3.01,84.1,48.79,10.33,17.14,27.17
155,22,1.94,59.03,88.24,47.73,26.1,44.26
156,19,8.49,88.74,64.93,58.42,61.74,47.98
157,24,6.81,72.2,70.6,63.5,42.02,56.16
158,19,5.39,79.76,91.89,66.71,48.58,69.0
159,18,6.06,97.35,52.69,61.2,36.62,28.26
160,21,3.25,88.76,51.04,22.48,22.8,51.37
161,24,10.39,74.78,63.25,76.81,55.18,57.93
162,18,5.76,67.31,87.58,76.78,60.11,60.03
163,25,5.72,52.18,49.21,68.51,29.81,51.6
164,21,6.95,69.37,29.52,39.22,3.4,48.48
165,19,6.46,75.47,65.23,64.97,40.19,32.83
166,18,5.95,66.15,80.28,49.9,29.32,47.83
167,25,3.92,76.42,90.0,41.26,36.24,28.01
168,24,6.44,78.92,65.05,70.0,37.61,50.31
169,24,9.26,75.3,65.83,73.21,65.93,53.89
170,23,8.19,70.2,89.31,93.67,69.71,65.26
171,25,8.69,80.02,43.95,45.19,35.18,26.7
172,22,4.48,83.3,66.17,59.5,45.1,25.28
173,20,3.52,64.92,74.86,73.94,49.94,56.79
174,21,5.25,94.93,78.74,68.5,52.68,68.42
175,25,5.61,76.82,64.35,60.61,33.89,39.6
176,23,7.69,78.23,72.52,70.72,38.86,56.64
177,20,2.12,86.5,34.68,11.82,0.0,3.41
178,20,8.56,80.8,62.13,81.96,53.95,55.16
179,18,5.18,89.44,78.8,57.97,47.54,47.32
180,20,4.65,81.45,57.27,55.13,31.04,33.09
181,22,3.48,70.65,72.88,38.36,32.05,35.65
182,24,2.19,82.34,78.7,40.25,22.3,42.09
183,23,7.15,64.28,66.86,79.71,51.27,55.63
184,20,5.65,79.3,74.56,60.12,55.57,36.87
185,18,2.92,77.6,57.56,57.87,32.42,37.13
186,22,2.91,75.5,68.9,48.75,28.12,43.51
187,19,4.83,76.46,81.15,45.53,32.07,38.12
188,24,8.84,55.42,74.35,85.17,54.02,74.93
189,24,4.98,71.42,63.2,48.79,24.21,33.35
190,23,2.49,79.11,75.36,58.41,30.05,42.45
191,24,5.01,79.92,82.72,65.78,55.36,45.14
192,20,4.95,65.67,41.25,27.08,10.91,44.56
193,18,0.5,93.19,89.39,52.81,22.7,59.08
194,24,5.39,67.61,66.96,80.35,63.58,42.2
195,24,5.04,89.63,78.38,68.19,53.52,64.64
196,19,6.89,83.13,89.96,76.47,49.69,63.33
197,19,9.2,70.25,51.42,75.83,48.3,46.97
198,21,7.75,99.3,61.36,66.87,55.65,42.82
199,22,4.96,63.68,67.67,59.16,51.46,38.99
200,20,3.29,89.03,60.24,35.37,14.15,40.15
201,24,10.65,90.01,98.02,98.84,97.01,66.03
202,25,5.62,69.95,59.15,65.36,52.05,62.53
203,24,5.53,94.71,63.67,48.77,33.83,29.53
204,18,,75.0,75.07,77.34,48.68,69.84
205,21,5.9,81.46,53.97,52.35,26.17,37.73
206,22,5.21,81.12,66.06,48.3,33.94,46.1
207,25,4.35,76.39,76.76,69.61,45.02,61.36
208,21,4.41,87.73,67.01,51.61,42.77,37.86
209,23,5.43,87.52,70.6,68.16,58.38,58.81
210,22,4.41,57.02,64.06,49.97,20.67,15.35
211,24,4.07,93.65,49.28,42.8,9.44,26.7
212,24,5.71,58.05,76.82,70.04,44.87,44.27
213,22,4.99,90.39,98.32,76.95,64.25,52.2
214,24,8.51,91.52,72.28,53.83,55.17,45.96
215,20,0.5,64.91,75.38,32.25,10.68,45.96
216,22,7.68,73.07,82.39,85.34,64.68,67.36
217,21,7.99,64.73,52.96,59.78,54.23,43.18
218,22,1.35,75.42,97.54,53.82,39.71,51.03
219,25,4.81,74.3,75.03,46.94,32.05,50.4
220,24,4.76,87.36,96.48,61.29,47.96,61.17
221,20,2.68,93.72,61.0,24.07,17.14,43.5
222,20,3.94,94.75,99.27,69.36,71.21,70.77
223,23,3.28,71.25,83.63,53.13,34.18,52.04
224,21,9.0,75.49,80.3,70.51,60.54,47.04
225,19,7.37,57.8,75.51,70.33,45.3,46.88
226,19,8.04,,68.27,73.36,63.01,45.58
227,22,6.94,89.58,90.01,98.21,91.56,63.64
228,23,3.24,97.39,74.11,38.61,36.44,46.49
229,18,4.45,63.19,42.49,52.77,23.51,40.58
230,22,6.48,70.89,55.24,66.03,41.54,42.47
231,23,3.06,77.68,69.21,42.5,5.48,42.7
232,21,6.93,81.36,76.65,71.89,62.0,55.63
233,21,5.02,68.28,71.15,54.63,37.83,41.77
234,21,4.75,83.09,90.28,70.51,57.21,50.19
235,21,6.92,72.31,42.73,66.28,32.22,19.98
236,21,6.39,77.83,74.15,72.39,48.69,46.11
237,23,4.78,84.56,44.73,48.8,24.39,38.25
238,23,7.82,78.08,83.4,72.84,69.14,50.66
239,20,3.34,72.76,70.58,37.33,21.3,39.55
240,25,6.73,76.68,78.29,67.9,71.07,58.56
241,19,6.69,76.94,59.04,71.28,50.91,51.27
242,24,4.88,73.56,91.19,54.41,32.95,45.06
243,21,6.15,74.89,87.63,62.25,49.71,66.5
244,18,3.0,97.18,80.75,57.67,36.64,62.78
245,24,7.35,84.73,70.06,58.08,29.13,36.58
246,23,5.13,74.45,80.7,56.98,57.28,43.6
247,18,4.45,86.36,61.4,47.35,39.08,52.49
248,18,7.6,73.99,84.83,63.39,59.31,54.45
249,18,4.09,92.08,96.74,59.83,52.57,37.32
250,20,2.68,82.44,88.06,66.2,31.83,42.85
251,23,2.39,76.71,61.06,30.05,11.88,33.09
252,18,6.71,83.37,77.42,53.45,54.71,38.25
253,21,2.94,59.15,52.6,34.39,3.03,28.87
254,22,9.01,64.48,80.59,87.68,43.02,60.76
255,18,1.34,63.67,78.76,46.69,21.46,62.07
256,20,8.89,79.72,43.95,55.1,40.51,32.87
257,24,5.92,98.79,54.57,54.15,42.15,50.3
258,23,5.31,100.0,67.75,41.03,44.65,56.36
259,25,4.41,85.66,67.49,59.71,45.87,60.74
260,20,6.3,84.01,53.86,58.65,42.47,43.32
261,18,5.42,56.39,,60.41,50.56,31.85
262,23,7.71,71.49,75.77,82.56,45.99,61.27
263,22,5.73,68.55,69.09,49.64,40.38,55.41
264,18,5.8,70.55,60.66,67.85,47.44,44.9
265,20,4.77,75.98,87.73,68.89,38.86,75.34
266,19,5.39,72.33,96.83,71.44,41.75,71.38
267,21,6.12,54.25,64.75,59.87,29.8,51.32
268,25,2.08,86.97,62.82,41.8,17.82,50.1
269,24,2.8,65.13,79.37,67.07,44.43,56.52
270,20,6.99,80.87,66.63,53.83,38.19,20.26
271,23,5.84,100.0,69.91,54.19,38.67,41.48
272,25,5.13,66.97,83.09,76.59,45.18,69.8
273,25,5.54,47.64,43.36,40.04,26.78,22.83
274,25,6.2,74.57,91.77,84.26,62.38,61.68
275,18,4.42,91.21,73.09,74.88,48.73,42.27
276,21,3.94,100.0,65.83,47.96,35.46,60.44
277,18,5.89,63.25,70.66,69.24,56.01,67.4
278,23,3.54,83.96,71.44,41.93,23.75,34.68
279,18,6.32,72.42,46.03,58.13,46.16,38.3
280,19,2.09,76.73,94.42,62.31,43.45,51.79
281,21,7.56,100.0,72.62,74.9,60.36,59.44
282,21,6.45,59.96,78.65,62.58,67.52,57.74
283,23,6.01,81.04,86.27,54.89,38.69,62.16
284,24,7.47,83.61,56.68,66.07,44.69,47.21
285,19,8.83,91.03,79.1,58.2,47.03,81.71
286,20,7.53,79.18,67.99,64.33,58.7,38.28
287,18,1.82,81.7,84.7,63.27,54.2,37.28
288,22,2.94,73.3,40.09,35.73,27.29,23.78
289,18,,81.23,70.51,75.27,57.62,35.93
290,25,5.55,73.88,62.96,67.09,40.57,31.57
291,18,6.54,85.46,78.48,62.77,48.4,42.63
292,20,4.05,73.56,79.05,59.95,25.14,42.35
293,18,5.87,82.53,61.39,56.78,58.61,33.74
294,19,3.99,77.65,61.32,33.86,27.3,42.24
295,19,4.28,91.51,70.34,46.39,31.78,39.26
296,21,2.69,77.38,58.55,37.34,31.65,34.56
297,23,3.65,56.72,84.63,40.8,19.37,58.14
298,24,2.8,93.14,66.46,48.22,35.29,35.0
299,22,3.55,67.13,28.4,27.32,3.11,17.85
300,25,7.61,70.15,66.38,50.21,46.93,47.98
301,18,3.6,70.85,56.42,49.48,24.96,19.24
302,18,10.76,94.49,47.53,76.36,48.86,19.32
303,20,6.49,52.37,53.44,57.61,32.86,43.53
304,23,5.87,100.0,73.64,60.74,60.16,54.71
305,19,3.78,90.67,91.93,71.61,53.15,80.86
306,22,6.9,80.68,76.7,76.59,64.16,56.97
307,21,4.35,77.34,62.9,55.07,24.77,51.36
308,19,5.74,81.43,78.84,58.09,46.09,49.48
309,25,10.62,84.25,65.11,81.06,61.57,55.19
310,23,5.31,85.74,61.58,67.06,50.81,62.47
311,25,7.8,84.67,54.68,55.3,43.87,
312,24,4.09,79.07,45.72,62.5,37.39,41.36
313,21,5.43,75.63,66.15,52.85,46.92,65.69
314,24,9.04,76.18,74.37,77.39,68.25,57.9
315,20,4.25,75.66,70.55,49.06,35.88,61.58
316,25,9.12,91.61,65.76,74.9,53.01,44.31
317,20,6.92,85.12,57.81,42.04,36.15,37.93
318,18,4.38,42.72,81.12,56.66,27.9,52.1
319,24,6.76,85.87,52.24,44.87,32.14,14.24
320,23,7.45,80.34,83.64,77.14,58.03,47.1
321,25,6.74,77.78,56.97,68.25,36.51,33.41
322,22,2.36,73.34,60.71,49.29,6.23,48.45
323,21,4.05,91.49,50.0,19.97,10.48,37.22
324,19,5.0,89.37,64.48,,50.82,52.48
325,23,5.35,68.73,86.63,72.0,38.82,66.56
326,23,6.74,82.88,79.73,63.05,52.37,51.69
327,20,5.86,66.34,86.68,72.66,69.29,70.65
328,24,2.83,61.44,79.83,56.99,41.64,50.97
329,25,6.26,70.48,55.44,48.87,47.59,39.31
330,25,6.72,88.35,67.04,65.73,53.81,45.63
331,18,6.62,89.44,60.3,53.57,52.93,49.02
332,18,7.66,84.16,91.96,77.18,59.42,58.38
333,21,7.17,86.7,54.05,51.54,34.49,48.76
334,20,6.42,84.19,85.41,58.32,26.79,43.3
335,23,5.36,70.3,85.39,69.86,60.66,46.24
336,25,2.18,83.18,99.44,69.26,62.17,69.48
337,22,6.36,87.6,65.85,66.81,44.11,47.04
338,20,5.92,87.05,82.68,77.34,55.96,53.48
339,21,6.04,92.27,100.0,,61.5,76.02
340,21,2.95,86.5,62.74,40.96,29.3,33.14
341,20,3.34,82.22,48.97,,34.74,33.04
342,21,7.61,90.84,43.8,40.94,18.6,45.84
343,20,5.42,77.68,82.69,58.16,49.48,68.5
344,19,6.86,67.42,43.75,41.87,24.11,47.6
345,20,5.56,76.04,66.42,69.56,46.25,45.84
346,24,5.56,69.06,78.56,74.87,54.26,67.77
347,20,7.38,69.9,74.78,75.51,53.06,44.88
348,21,4.47,76.27,78.38,71.7,46.24,45.24
349,25,5.69,68.49,75.33,55.41,38.58,25.67
350,24,4.58,74.3,91.18,71.94,60.32,76.89
351,21,4.63,55.28,57.72,49.02,28.74,30.74
352,18,4.88,80.56,61.85,62.01,41.32,43.29
353,18,5.94,78.01,60.41,55.85,27.17,33.53
354,25,4.54,68.19,84.45,60.77,39.17,61.28
355,25,8.01,85.91,85.51,84.48,76.54,57.85
356,24,3.71,89.25,78.77,66.93,46.47,40.06
357,19,5.13,58.71,89.75,63.19,50.84,61.88
358,25,4.62,68.85,54.33,47.75,42.48,23.2
359,18,8.39,68.77,97.01,76.35,75.03,56.46
360,20,5.89,66.72,94.85,50.76,46.24,35.78
361,21,7.56,87.95,83.03,77.93,59.21,44.5
362,18,2.53,75.67,98.73,70.5,24.8,64.47
363,18,6.03,74.83,47.15,52.69,30.51,16.25
364,19,7.28,53.95,64.13,44.89,30.04,27.09
365,24,5.66,85.63,60.97,52.68,41.96,42.0
366,24,7.63,63.13,82.82,53.89,45.53,47.21
367,23,4.47,78.72,56.25,62.5,33.0,61.97
368,19,8.32,81.33,83.36,68.26,44.17,75.0
369,20,10.1,94.33,92.56,100.0,77.81,60.5
370,24,4.77,62.29,82.43,73.89,51.29,62.33
371,21,4.61,41.77,76.26,51.37,44.52,55.8
372,25,8.41,80.21,57.18,53.75,43.59,35.3
373,19,8.66,99.61,59.3,70.75,61.42,31.58
374,25,4.45,92.87,90.74,59.28,58.59,56.65
375,18,4.66,80.52,83.69,65.69,40.66,53.52
376,21,4.94,72.1,71.41,54.2,40.52,42.56
377,21,2.81,87.69,65.73,29.59,15.01,42.1
378,18,3.66,66.32,41.61,15.23,11.77,15.94
379,19,3.49,83.72,55.94,47.0,28.49,26.27
380,18,3.96,84.07,100.0,65.24,54.95,63.39
381,25,5.43,90.72,52.79,45.23,25.76,40.28
382,23,5.97,100.0,74.84,72.0,62.86,41.4
383,21,8.6,82.71,87.11,94.05,93.05,74.14
384,22,3.5,71.89,53.18,40.53,11.26,17.23
385,22,7.47,77.69,74.77,67.59,50.36,46.63
386,25,5.07,56.77,86.07,72.63,49.3,55.58
387,20,5.4,69.66,72.19,47.74,42.44,39.41
388,24,6.85,73.09,100.0,84.63,61.87,62.22
389,18,3.25,71.71,46.97,44.37,0.0,51.75
390,18,6.26,79.83,87.88,80.2,72.83,52.65
391,20,5.83,68.13,69.41,42.14,39.63,67.64
392,20,6.48,91.45,83.58,64.29,39.82,59.68
393,25,6.08,78.0,78.62,58.77,41.23,52.51
394,25,10.41,77.89,61.0,76.19,75.46,53.86
395,20,4.22,74.07,75.43,63.19,54.06,76.1
396,21,4.44,79.86,44.13,56.99,37.82,25.28
397,25,4.25,87.9,81.05,56.64,42.01,40.49
398,23,4.39,67.59,76.47,54.64,37.17,41.62
399,25,4.23,70.1,81.58,73.27,45.55,56.41
400,18,7.88,74.36,87.87,82.81,75.4,44.96
401,25,8.34,61.85,77.51,88.67,54.64,59.36
402,21,4.36,68.17,74.22,61.14,31.36,66.71
403,20,3.84,72.29,58.78,36.1,30.49,37.95
404,18,6.44,88.49,61.32,46.16,38.29,37.82
405,25,4.4,81.15,89.8,51.46,55.47,48.19
406,21,6.77,80.32,93.55,85.13,60.39,74.06
407,23,5.91,88.21,68.43,73.14,51.14,42.3
408,25,2.47,76.35,72.69,68.35,29.39,68.88
409,21,8.6,82.69,58.43,74.95,55.7,66.51
410,23,9.09,76.76,89.59,97.27,63.29,69.47
411,20,4.27,81.18,81.98,56.39,37.8,51.94
412,25,4.72,71.01,100.0,62.33,37.05,72.07
413,23,6.07,48.73,58.83,65.14,41.55,55.22
414,18,6.17,76.39,66.33,65.33,51.67,39.66
415,20,6.82,95.07,75.47,69.85,41.5,47.86
416,18,9.52,89.11,81.7,86.89,85.54,47.64
417,22,5.15,89.58,68.76,61.64,67.12,51.73
418,19,3.9,92.83,58.91,60.85,38.33,49.36
419,25,2.74,79.06,85.22,70.79,38.9,43.23
420,23,4.04,80.37,82.82,67.14,71.83,50.51
421,19,5.43,70.59,58.26,62.23,25.47,29.66
422,19,9.09,74.21,92.33,92.28,74.84,57.9
423,23,4.46,85.39,89.55,62.5,50.83,62.55
424,20,5.95,92.45,74.01,72.06,66.39,45.47
425,25,5.47,76.33,73.19,48.18,41.02,43.34
426,22,7.88,72.6,80.31,86.22,59.2,43.39
427,18,10.55,78.01,59.07,62.76,46.52,46.78
428,21,4.44,85.21,72.45,60.46,39.11,48.38
429,18,4.52,60.67,39.71,31.48,2.73,19.58
430,21,7.59,50.45,85.15,82.72,57.83,59.0
431,18,6.86,71.39,48.58,53.83,29.59,38.84
432,23,9.19,63.35,,72.83,50.84,54.91
433,22,6.67,71.9,67.05,67.75,58.23,34.01
434,25,4.78,76.23,68.82,51.2,31.05,63.02
435,21,6.68,72.56,62.58,69.96,35.16,40.99
436,25,7.72,95.43,67.68,68.11,54.83,48.44
437,25,7.14,81.92,93.28,83.82,67.89,74.82
438,25,6.51,81.61,34.68,35.56,7.37,61.42
439,24,7.63,85.47,91.15,74.78,67.8,49.18
440,20,7.84,64.33,77.07,69.16,43.27,58.43
441,18,8.26,90.47,53.89,71.27,68.74,37.06
442,25,6.8,77.09,55.87,74.69,52.55,40.13
443,18,5.17,86.05,97.15,66.04,52.13,54.32
444,25,5.79,65.14,57.82,65.74,31.78,32.65
445,21,7.91,59.35,54.7,40.04,,36.19
446,20,3.87,87.81,89.06,52.51,48.87,39.42
447,20,6.24,82.52,77.08,57.75,47.08,60.15
448,23,4.71,67.18,57.93,37.19,20.99,37.09
449,24,5.56,67.56,75.25,47.78,36.93,51.42
450,23,8.06,91.51,56.61,67.5,46.8,39.7
451,23,5.88,63.73,88.51,70.07,48.0,55.15
452,23,5.59,97.71,87.92,74.52,41.74,62.47
453,23,2.78,67.19,79.98,62.01,44.8,40.55
454,23,6.99,85.66,77.42,73.21,60.13,51.31
455,22,6.79,74.06,98.42,87.87,60.91,59.36
456,20,9.83,85.24,72.0,78.21,83.27,45.5
457,23,4.88,71.47,54.27,37.52,24.18,13.92
458,25,5.94,76.05,78.74,77.64,45.0,69.72
459,20,6.0,78.49,100.0,73.1,68.23,57.91
460,20,8.65,65.97,56.78,56.49,46.33,53.47
461,19,5.31,86.89,66.58,56.08,44.74,55.99
462,22,6.06,71.84,78.25,58.14,40.85,38.4
463,23,6.72,75.26,71.19,61.84,50.76,38.29
464,18,5.87,66.07,57.27,58.43,33.12,67.45
465,21,4.61,47.25,88.83,70.77,48.57,76.33
466,24,5.89,75.71,100.0,69.57,40.76,63.55
467,25,7.65,100.0,74.94,66.93,55.39,54.94
468,18,3.45,87.42,58.44,56.67,48.65,35.02
469,22,5.77,77.77,48.77,54.85,26.59,41.42
470,21,4.1,74.85,75.87,78.88,42.63,47.71
471,22,7.89,78.27,88.56,92.07,66.63,44.52
472,25,2.45,84.57,79.13,64.78,29.41,39.2
473,20,4.38,63.83,71.96,43.23,8.87,44.5
474,21,6.25,91.37,63.16,67.39,46.96,35.52
475,20,8.63,86.58,55.62,64.58,52.29,42.66
476,25,5.37,86.62,84.52,62.45,49.97,44.24
477,18,4.39,83.26,85.71,66.38,47.55,48.44
478,25,9.26,78.24,48.81,73.35,52.83,51.15
479,18,2.6,86.07,95.85,68.14,57.75,63.29
480,21,1.1,85.1,80.61,39.96,24.06,46.44
481,21,6.38,73.75,92.99,84.09,57.8,73.25
482,23,4.5,71.12,51.87,40.14,19.95,39.3
483,22,3.46,79.22,51.51,44.33,28.37,49.59
484,23,6.92,96.59,69.77,63.0,65.38,44.28
485,22,5.99,63.13,79.54,65.51,40.41,49.37
486,23,4.37,60.39,98.95,79.57,54.54,52.5
487,20,2.94,79.98,82.59,46.78,36.82,45.31
488,21,7.24,78.61,68.36,86.03,50.09,63.73
489,18,6.8,80.08,56.6,40.12,33.47,50.2
490,22,5.3,80.93,90.45,64.98,38.84,67.88
491,25,9.19,75.32,57.53,72.12,38.08,28.27
492,22,3.36,95.88,96.43,72.32,58.64,73.14
493,18,2.45,58.79,67.73,46.04,18.02,24.22
494,23,4.12,68.06,95.86,68.61,50.61,70.3
495,22,5.41,76.76,82.18,70.94,50.94,52.39
496,24,5.99,58.28,69.95,60.11,30.27,55.02
497,20,5.02,75.89,64.21,69.32,42.28,34.15
498,21,6.2,97.94,66.89,70.0,41.91,60.86
499,18,3.0,78.25,78.42,63.85,52.25,37.35
500,21,8.39,80.77,73.16,64.13,42.61,44.36
501,24,5.34,62.88,63.09,55.25,31.91,33.56
502,22,7.73,70.6,69.52,66.17,40.58,32.21
503,22,6.19,73.5,73.18,54.93,47.4,49.16
504,25,6.41,74.19,40.07,51.29,26.91,50.52
505,24,6.64,93.38,78.87,64.56,50.25,79.96
506,18,6.4,84.69,57.3,63.65,51.74,44.27
507,25,6.79,64.66,54.7,46.52,31.87,49.11
508,20,8.16,80.96,46.69,75.5,54.68,44.25
509,25,5.89,83.98,45.09,39.41,18.36,36.61
510,19,6.92,91.68,51.67,58.28,30.34,36.13
511,18,5.32,96.97,61.36,62.95,45.97,46.63
512,19,8.38,65.82,100.0,82.81,65.99,73.17
513,24,4.15,68.27,64.11,60.38,39.75,39.2
514,23,9.1,62.91,74.67,65.18,52.78,51.4
515,19,5.42,75.19,78.01,79.1,54.8,55.65
516,20,2.64,83.6,73.97,51.38,18.21,55.05
517,25,5.76,89.85,70.84,56.02,61.73,36.66
518,23,4.14,77.09,54.07,43.3,23.62,35.68
519,25,7.18,74.16,93.76,88.38,73.95,85.21
520,19,4.19,79.82,99.11,65.44,44.15,73.65
521,25,4.61,67.98,46.76,36.66,21.45,44.85
522,24,1.72,100.0,56.64,35.82,9.38,35.12
523,23,4.6,58.71,67.8,43.9,31.02,45.85
524,24,0.65,80.22,57.53,52.46,17.55,49.19
525,19,2.33,100.0,79.59,47.44,36.46,63.86
526,24,7.02,78.08,61.08,69.99,54.74,27.22
527,20,7.07,75.72,100.0,85.38,57.47,54.96
528,19,6.35,73.71,89.86,64.98,47.01,71.36
529,19,3.57,75.84,75.19,55.56,40.09,45.85
530,19,5.4,94.47,87.4,77.53,79.2,53.35
531,18,5.49,51.46,88.59,68.81,45.07,45.9
532,25,3.18,96.4,63.54,59.61,43.03,38.74
533,18,8.51,60.91,59.76,77.11,50.4,34.27
534,18,7.25,74.8,73.17,78.45,73.86,75.27
535,20,5.06,72.85,84.92,62.34,30.44,54.84
536,23,5.55,85.06,74.09,52.16,43.18,47.19
537,25,5.92,58.82,48.35,44.12,9.6,40.15
538,24,1.42,83.55,59.96,40.61,0.0,47.11
539,22,5.01,100.0,70.89,64.47,51.52,58.73
540,19,4.14,61.64,70.87,33.8,24.09,52.11
541,24,3.5,80.28,100.0,68.91,49.0,56.79
542,19,4.94,,51.21,49.5,26.57,33.67
543,20,9.1,83.11,79.58,77.38,93.62,65.12
544,19,6.78,78.23,94.34,91.92,66.96,61.85
545,18,4.36,70.3,100.0,76.65,59.73,65.2
546,25,6.65,83.85,65.93,75.95,47.31,54.31
547,22,8.3,99.65,79.37,74.69,68.86,64.32
548,21,7.35,75.71,80.55,83.07,59.4,41.07
549,19,5.62,86.64,74.93,80.04,52.07,62.28
550,24,4.21,62.48,70.52,68.73,55.22,47.63
551,18,6.9,66.52,,59.86,57.34,59.11
552,21,6.29,83.67,34.02,41.32,26.51,34.98
553,22,7.29,95.81,82.23,70.94,40.79,72.64
554,21,6.77,82.27,73.89,72.61,51.17,66.63
555,18,7.6,74.24,68.66,75.02,78.48,65.02
556,25,4.43,77.99,100.0,64.33,49.66,76.63
557,25,8.13,63.0,61.88,67.25,57.0,49.6
558,23,5.9,85.25,65.95,39.66,47.91,41.39
559,25,9.65,88.59,100.0,100.0,88.07,81.14
560,23,4.12,72.57,59.52,44.1,18.61,46.16
561,21,8.97,72.36,63.75,71.51,32.58,45.72
562,20,5.9,81.19,69.79,58.87,,51.65
563,24,4.2,72.76,84.61,74.78,41.72,57.47
564,24,4.53,77.21,75.12,31.07,29.76,34.16
565,21,4.86,100.0,52.61,48.21,23.44,49.85
566,19,6.35,75.04,64.02,59.54,39.62,45.83
567,19,6.55,73.7,62.89,56.24,40.68,64.48
568,25,4.35,70.23,70.84,73.64,45.96,35.12
569,24,5.45,86.93,78.39,56.05,35.71,45.08
570,24,9.78,75.83,78.27,89.91,81.94,60.47
571,23,8.96,70.21,45.36,64.33,38.87,50.11
572,20,6.37,93.86,87.96,86.48,52.21,66.79
573,18,5.58,95.04,75.79,57.32,46.82,52.93
574,19,5.74,70.79,92.77,66.65,52.69,48.57
575,24,6.73,55.6,78.66,81.13,54.57,45.79
576,23,3.45,90.09,88.52,66.76,61.17,60.61
577,22,4.99,69.78,79.0,47.94,34.5,35.14
578,23,2.16,87.49,92.19,53.96,38.84,50.2
579,19,6.3,54.36,79.83,72.97,38.33,60.75
580,19,6.79,88.71,70.53,74.35,63.09,42.2
581,23,4.53,63.47,100.0,66.34,50.98,78.77
582,18,8.65,86.77,85.34,52.38,52.3,65.9
583,21,3.05,78.17,80.61,61.76,22.55,36.76
584,19,2.57,66.55,52.86,27.15,23.07,21.89
585,23,5.95,73.12,52.68,32.59,13.18,10.48
586,24,7.59,86.24,76.39,44.07,40.59,39.47
587,23,8.87,79.27,74.18,84.41,68.6,64.37
588,20,4.58,85.01,62.79,54.15,25.57,38.8
589,21,7.66,100.0,74.11,69.14,46.58,57.16
590,22,5.42,59.23,95.83,88.29,40.23,51.33
591,18,5.15,97.41,82.43,72.33,62.7,64.44
592,25,7.27,79.25,54.88,75.42,44.86,39.82
593,22,6.8,67.21,70.33,51.97,66.56,46.46
594,21,2.35,62.04,59.93,42.0,8.48,37.13
595,21,8.45,75.73,66.18,54.05,38.48,32.69
596,21,8.26,89.06,65.8,66.93,50.11,36.88
597,22,4.25,76.47,64.84,50.17,34.32,52.46
598,24,6.29,96.13,53.17,60.68,39.59,44.66
599,21,6.49,60.59,70.09,64.95,48.88,59.9
600,23,6.02,77.85,63.59,65.29,35.36,49.69
601,22,4.4,62.97,28.06,40.06,0.0,25.17
602,25,4.16,82.36,100.0,93.18,48.81,52.07
603,21,,,88.33,67.22,34.66,55.21
604,23,7.85,72.95,66.36,58.47,41.65,46.16
605,24,6.59,46.75,72.28,68.56,39.89,70.85
606,20,4.76,80.39,54.43,40.95,21.16,42.79
607,24,7.04,83.24,97.44,96.58,85.7,85.11
608,25,0.5,82.85,100.0,54.17,47.64,64.64
609,21,7.8,92.83,74.35,66.43,54.5,44.9
610,25,2.02,65.15,87.35,51.41,14.91,53.84
611,22,4.78,86.16,74.63,67.33,42.18,53.97
612,19,3.26,92.31,51.95,40.04,18.66,24.81
613,21,2.91,56.66,65.82,41.43,13.66,36.86
614,19,7.82,81.84,73.98,88.63,58.42,55.35
615,23,4.56,71.95,65.18,45.55,24.11,57.92
616,20,6.19,77.02,68.72,62.92,41.72,27.4
617,18,5.41,82.17,70.63,66.99,40.91,61.94
618,25,6.45,72.15,70.79,48.44,40.85,36.21
619,24,5.65,69.89,72.78,67.45,48.5,37.31
620,20,2.93,78.41,56.09,32.03,9.26,45.78
621,21,7.49,64.95,61.24,71.88,58.94,54.72
622,19,4.51,64.97,52.73,37.43,11.26,46.76
623,24,2.39,86.15,86.67,64.14,28.34,63.64
624,19,4.64,64.21,40.42,51.86,25.9,52.91
625,22,8.5,86.0,89.3,91.74,67.19,70.83
626,19,7.2,83.55,92.8,82.35,69.92,62.58
627,22,4.8,57.29,67.47,54.0,10.01,48.49
628,23,4.8,69.87,32.95,31.57,25.14,36.36
629,24,4.86,92.33,66.58,70.76,53.85,41.07
630,24,9.65,66.23,71.04,70.69,43.69,45.53
631,18,6.26,72.43,56.84,45.95,19.16,35.54
632,21,6.36,83.54,64.27,67.44,62.86,26.33
633,22,7.56,87.4,94.95,74.51,59.66,64.63
634,18,5.98,74.98,81.97,59.5,39.63,34.4
635,19,4.98,70.83,58.13,37.46,4.46,37.3
636,19,5.11,95.07,48.04,42.02,26.65,42.05
637,18,5.36,98.87,67.09,57.5,43.1,41.14
638,24,5.43,89.75,68.8,61.97,52.12,64.58
639,19,6.96,79.02,79.44,81.03,47.3,43.14
640,25,5.6,68.3,63.97,62.87,25.88,57.82
641,23,6.97,68.03,79.67,69.77,56.25,61.79
642,23,5.34,84.27,100.0,74.37,69.61,47.77
643,25,5.66,83.02,84.23,74.06,41.39,84.94
644,18,1.5,94.82,71.28,57.94,43.97,46.3
645,25,7.33,85.81,69.25,68.68,53.93,41.39
646,22,6.19,59.96,66.65,56.74,47.26,31.65
647,22,7.5,90.62,89.71,69.4,62.14,57.39
648,18,0.5,66.02,62.59,21.97,0.0,32.51
649,25,9.68,73.39,72.68,85.34,64.85,57.49
650,22,5.22,81.0,72.77,66.69,55.93,47.74
651,24,7.72,100.0,64.47,72.1,50.12,55.3
652,25,3.42,100.0,51.41,40.67,23.07,30.28
653,24,6.73,85.28,76.84,83.24,59.26,37.72
654,22,3.39,75.8,71.08,47.83,4.44,43.3
655,23,4.25,84.41,79.5,70.29,63.36,30.74
656,22,9.33,88.65,64.0,72.12,51.89,52.7
657,24,5.12,74.15,90.31,64.06,53.88,48.14
658,20,5.93,99.54,58.85,62.03,45.42,45.11
659,21,7.24,80.76,97.68,86.78,81.47,80.6
660,19,6.49,83.97,45.79,54.72,39.77,26.42
661,25,5.8,85.99,78.52,67.2,49.51,64.2
662,20,6.23,83.06,79.13,68.06,44.74,49.85
663,22,10.31,88.07,60.07,98.15,,71.68
664,23,5.38,70.59,78.37,76.48,33.79,52.08
665,18,5.9,71.3,91.19,80.99,64.71,54.36
666,22,7.6,64.8,38.75,52.83,21.45,39.42
667,23,7.71,83.27,79.54,84.66,76.16,54.53
668,21,7.87,87.35,34.6,55.71,39.09,23.05
669,22,6.78,83.49,57.52,59.01,48.69,37.55
670,24,3.21,98.09,96.44,62.86,51.94,59.47
671,18,8.77,77.93,63.27,69.06,38.23,61.35
672,23,3.21,86.02,54.39,11.04,2.39,8.7
673,23,6.11,64.9,69.03,64.49,48.78,48.94
674,23,3.99,73.35,100.0,66.08,51.55,68.77
675,21,5.37,86.35,44.52,61.9,46.77,38.79
676,22,6.16,88.19,56.23,55.75,43.92,53.88
677,21,6.14,74.47,94.46,64.64,45.49,59.46
678,25,6.34,77.14,99.87,79.8,57.02,64.63
679,19,8.73,59.79,70.45,63.2,50.15,55.61
680,19,6.41,73.72,53.41,59.74,17.4,41.57
681,25,5.01,88.68,100.0,77.96,77.35,61.84
682,22,7.43,84.9,95.92,92.05,77.48,73.19
683,24,7.88,84.01,82.18,68.81,70.41,49.63
684,21,3.04,78.6,59.81,45.42,10.93,32.92
685,18,6.69,78.08,71.26,52.32,54.3,41.54
686,23,6.9,70.08,69.59,72.9,70.47,64.8
687,23,4.9,86.39,76.96,67.14,36.57,20.43
688,22,8.25,83.05,93.77,89.53,80.57,70.6
689,24,5.2,83.9,85.19,67.67,51.85,56.9
690,19,5.75,71.69,55.84,57.86,21.86,24.22
691,19,5.15,52.16,92.65,87.61,59.79,67.98
692,23,5.53,91.17,76.7,61.46,56.39,56.02
693,22,3.31,72.25,82.31,59.88,33.33,58.73
694,21,2.62,67.65,94.0,51.32,46.26,29.27
695,19,8.69,,55.33,56.5,32.44,54.86
696,21,3.81,73.3,71.46,55.51,21.28,39.61
697,24,3.52,90.72,64.03,60.32,39.02,51.64
698,19,1.19,85.4,48.48,28.88,10.12,36.74
699,19,4.22,86.2,77.2,56.99,35.43,41.28
700,20,2.85,61.61,100.0,62.35,49.31,67.9
701,19,8.78,92.54,44.4,54.21,49.2,31.87
702,25,7.52,81.14,71.52,72.36,63.16,31.44
703,18,4.12,73.57,81.61,46.41,34.1,61.03
704,25,10.0,79.72,73.85,93.44,78.26,51.34
705,22,7.46,56.69,70.3,61.87,40.0,40.42
706,22,4.85,82.9,52.51,55.5,52.12,34.69
707,21,0.5,65.65,75.49,30.83,5.9,44.53
708,25,10.08,61.77,60.65,80.37,77.03,49.33
709,25,2.72,59.73,39.15,39.14,9.72,33.56
710,25,2.21,,89.92,62.13,31.52,43.15
711,24,7.55,70.45,86.38,67.74,68.28,50.27
712,19,10.38,96.4,72.77,84.04,74.66,55.19
713,18,8.27,71.57,75.44,62.73,59.99,70.68
714,21,6.63,57.51,88.11,72.45,63.72,58.28
715,25,6.69,64.6,75.37,78.5,55.96,66.06
716,25,7.21,92.83,85.56,83.85,62.18,61.65
717,20,7.02,76.13,67.54,65.37,56.92,43.65
718,21,6.06,71.42,91.68,64.93,52.35,56.54
719,25,5.71,79.92,76.81,71.54,57.35,52.19
720,21,5.37,84.02,74.91,62.89,27.27,56.81
721,19,3.99,91.41,52.95,21.89,22.23,44.04
722,20,4.94,95.38,76.3,69.55,45.92,56.56
723,21,2.11,73.68,59.52,40.95,33.9,49.42
724,18,5.3,62.09,62.43,67.57,44.3,36.66
725,18,3.52,73.04,59.77,36.01,23.11,32.63
726,22,3.29,81.12,56.01,12.21,14.63,21.84
727,20,5.86,66.43,100.0,81.23,51.76,69.92
728,20,8.28,66.51,91.97,86.64,82.27,61.53
729,22,7.34,82.13,100.0,67.44,80.81,70.99
730,21,2.36,77.42,53.66,29.16,16.87,22.72
731,20,3.52,78.39,73.07,81.82,61.87,54.65
732,18,7.38,68.9,52.6,55.4,32.59,46.23
733,18,3.54,75.24,61.56,55.31,23.68,21.76
734,25,5.05,66.91,58.23,45.72,28.2,60.11
735,19,6.6,88.68,90.59,55.32,57.49,53.42
736,20,3.56,90.42,66.06,48.88,29.87,22.59
737,21,5.71,55.85,88.03,68.6,52.61,59.77
738,22,2.83,66.85,81.06,51.91,34.7,50.5
739,22,4.3,60.04,100.0,71.04,40.89,63.02
740,21,6.14,70.2,49.81,54.6,37.64,47.51
741,24,2.31,77.0,90.89,57.74,46.76,63.39
742,23,6.38,60.6,89.2,61.94,49.93,60.2
743,19,5.46,66.94,57.4,58.27,44.8,46.27
744,22,6.6,65.95,87.11,54.84,35.51,53.51
745,20,5.95,80.49,77.04,45.66,44.69,65.33
746,19,8.23,78.83,68.59,78.03,47.98,37.64
747,20,5.75,69.34,59.64,60.87,27.83,44.89
748,24,4.64,80.12,61.21,51.66,27.95,42.27
749,18,5.74,71.44,100.0,64.02,45.43,70.57
750,19,6.59,74.74,72.01,58.87,40.21,40.33
751,25,5.6,98.08,83.73,65.82,53.31,38.1
752,22,5.58,94.09,60.14,39.44,41.6,39.89
753,19,4.1,62.41,60.3,42.16,20.08,41.51
754,19,4.17,87.96,88.23,71.75,38.41,73.58
755,19,2.69,87.74,51.76,53.52,37.48,24.64
756,23,9.0,64.22,65.77,67.98,44.13,60.39
757,19,3.01,87.83,72.51,59.49,37.62,71.93
758,20,4.11,96.46,73.67,37.83,38.29,39.86
759,18,4.06,64.53,69.31,60.97,36.81,34.54
760,24,7.29,66.99,77.94,63.99,59.54,48.82
761,21,4.91,90.21,82.39,68.03,56.05,55.45
762,19,8.0,81.26,83.02,75.17,54.43,63.79
763,22,4.15,84.62,57.21,61.28,55.82,36.19
764,19,6.06,82.09,67.74,52.74,42.89,60.73
765,22,3.83,82.69,89.92,71.05,49.28,48.04
766,20,9.79,62.08,85.42,83.35,75.97,44.33
767,22,3.12,90.57,51.41,39.19,24.89,44.78
768,25,6.12,92.04,77.27,65.14,56.32,29.84
769,21,6.77,75.25,42.33,41.89,50.21,29.17
770,18,6.33,77.48,72.7,65.16,45.64,81.76
771,22,5.13,59.63,100.0,74.89,51.14,64.88
772,22,5.24,84.17,57.78,55.15,37.86,29.89
773,18,5.59,84.86,59.49,55.91,48.6,41.57
774,21,5.21,77.25,83.46,74.71,39.2,57.03
775,19,7.43,91.49,48.86,65.82,29.18,41.9
776,22,9.92,73.99,62.51,63.56,48.46,53.12
777,18,4.39,84.78,80.95,70.75,34.81,44.82
778,25,2.76,65.76,62.49,33.55,12.86,54.07
779,25,5.32,77.72,68.46,64.83,48.05,50.8
780,20,10.66,75.91,83.16,94.57,69.6,71.0
781,18,3.89,80.7,78.32,39.54,19.22,39.82
782,20,8.78,73.57,76.0,77.84,61.98,68.72
783,25,8.86,76.42,66.91,67.54,62.25,46.64
784,21,4.39,87.91,77.55,52.64,25.73,51.93
785,19,6.64,72.76,70.14,78.64,60.42,43.55
786,18,8.76,58.72,78.87,71.87,63.25,45.68
787,24,4.74,99.0,64.55,46.4,46.03,48.71
788,25,5.09,94.58,69.26,59.22,55.78,42.81
789,25,4.34,62.49,57.15,55.64,48.49,32.17
790,24,3.47,86.28,71.47,51.78,32.09,39.54
791,23,4.2,71.96,59.83,61.38,35.14,50.31
792,25,3.05,81.16,55.29,47.93,21.62,31.33
793,22,5.57,81.53,75.88,42.22,37.66,44.92
794,21,3.96,75.19,75.19,51.9,49.14,47.95
795,18,5.97,68.59,83.74,64.31,36.2,36.08
796,24,2.39,69.71,65.53,50.39,17.46,27.97
797,22,6.16,67.01,78.12,41.37,48.59,50.4
798,24,7.17,68.02,80.26,98.3,75.01,55.11
799,18,1.51,77.19,78.67,54.63,27.69,60.01
800,20,6.25,69.41,59.62,59.27,46.32,52.87
801,18,7.96,86.18,74.24,84.47,67.48,63.71
802,23,3.08,95.85,77.46,78.36,64.08,73.42
803,18,8.85,71.04,72.11,83.75,62.89,54.77
804,18,6.34,80.87,40.7,57.23,43.46,40.7
805,23,4.09,84.0,74.41,58.59,64.46,43.31
806,21,5.39,83.66,100.0,75.14,66.28,89.66
807,25,6.62,78.91,66.6,58.34,44.58,66.04
808,18,5.65,86.91,61.08,47.94,43.14,41.0
809,23,6.58,83.79,77.6,62.12,47.51,55.96
810,22,3.66,63.15,76.69,43.31,49.58,59.84
811,20,5.84,88.43,89.89,72.04,60.12,58.45
812,20,2.67,88.65,53.13,23.07,11.7,23.78
813,18,5.28,68.84,82.97,68.65,40.46,64.56
814,21,3.69,78.46,80.86,58.88,50.36,52.81
815,21,4.03,86.2,69.87,56.01,46.1,48.28
816,22,7.97,75.49,77.08,69.06,51.37,45.6
817,18,7.68,90.88,87.44,100.0,81.56,49.09
818,20,6.72,100.0,85.08,87.27,55.63,64.15
819,21,3.32,68.57,54.85,30.99,16.9,42.31
820,18,4.87,61.43,84.3,68.16,49.21,53.94
821,24,7.93,81.65,71.03,64.69,68.53,64.48
822,21,5.78,86.66,73.09,53.19,36.6,40.6
823,23,10.14,75.23,73.1,67.36,48.61,41.72
824,24,6.29,95.44,69.75,67.83,44.6,49.24
825,25,5.88,61.94,89.88,66.15,37.33,57.63
826,21,4.88,86.32,70.74,68.11,58.67,57.78
827,20,5.77,70.73,55.21,63.37,51.76,34.38
828,19,5.2,98.63,66.1,70.87,53.15,62.44
829,24,6.92,100.0,74.68,60.22,64.98,70.06
830,25,7.41,68.8,90.44,84.15,65.17,63.2
831,22,3.93,71.41,81.05,66.61,42.12,66.6
832,22,2.84,88.32,59.24,39.19,20.96,26.6
833,20,1.83,73.35,100.0,54.59,35.59,69.86
834,21,6.52,77.46,75.97,83.94,44.35,67.27
835,18,3.29,78.3,91.13,65.57,48.24,66.86
836,21,1.19,54.96,69.72,49.48,18.63,43.89
837,20,6.28,77.83,80.0,60.89,55.4,23.25
838,22,,69.72,84.59,76.28,68.66,53.34
839,21,5.49,72.08,90.27,65.91,49.27,52.21
840,22,7.18,95.32,87.86,75.79,57.38,50.5
841,24,5.66,62.92,85.08,58.81,44.61,55.63
842,25,5.3,87.76,67.27,58.11,49.19,41.94
843,18,7.34,74.65,63.42,47.35,28.89,33.97
844,24,4.92,74.64,76.99,50.82,39.02,37.99
845,22,6.03,87.48,86.0,78.15,62.34,52.59
846,22,6.14,82.08,68.66,68.37,42.29,60.74
847,19,4.16,84.85,87.98,61.12,41.71,49.3
848,19,7.48,89.62,93.79,71.34,66.86,56.76
849,24,5.15,74.02,58.26,42.37,18.21,33.53
850,23,3.99,70.65,59.45,44.92,28.8,42.37
851,24,6.57,64.98,69.89,71.18,39.4,55.45
852,19,3.7,68.1,76.61,66.23,49.32,21.51
853,22,5.56,100.0,64.13,52.53,63.8,53.6
854,20,5.48,92.94,92.28,61.15,46.75,72.55
855,24,7.67,61.79,78.36,76.46,60.11,45.79
856,22,6.45,62.13,72.59,57.49,34.62,38.93
857,20,5.45,83.78,50.46,44.37,39.29,30.66
858,20,7.14,84.57,52.26,70.54,36.2,35.38
859,19,8.28,84.59,76.22,83.31,69.48,59.43
860,24,6.62,74.94,40.01,50.05,22.25,12.71
861,21,5.52,76.49,87.19,57.32,45.13,43.77
862,18,2.88,81.93,69.63,51.91,22.56,60.42
863,19,3.37,79.03,100.0,79.11,62.87,56.34
864,19,4.89,51.37,100.0,70.8,41.84,76.36
865,21,4.28,75.24,69.28,68.74,46.8,52.98
866,18,5.13,67.78,70.4,72.15,41.34,32.91
867,22,5.61,80.1,86.93,86.9,60.37,68.6
868,23,6.56,100.0,97.55,82.94,72.47,65.09
869,24,5.36,82.41,47.43,53.4,25.45,31.48
870,23,6.47,74.24,45.2,64.9,39.9,40.63
871,22,5.63,89.06,62.67,61.46,57.52,49.72
872,25,1.55,83.79,80.74,45.59,22.37,55.19
873,19,3.62,83.04,79.45,53.7,49.14,61.87
874,18,5.21,85.28,88.05,71.66,68.5,62.92
875,19,3.08,100.0,54.0,29.12,13.9,18.6
876,20,6.7,64.43,,45.86,11.79,25.17
877,19,8.56,83.68,84.87,91.89,75.38,92.73
878,19,7.94,66.88,59.58,42.6,30.63,46.69
879,22,5.07,84.67,41.72,58.58,49.17,58.38
880,22,8.48,66.98,74.18,85.95,62.14,70.94
881,22,5.8,72.99,83.9,64.74,41.92,57.81
882,23,4.83,74.46,70.17,63.33,30.83,51.63
883,20,4.27,89.71,65.13,52.95,46.68,43.25
884,25,4.9,89.02,69.61,70.17,42.74,32.71
885,25,4.72,63.05,66.44,65.26,37.95,47.58
886,22,5.84,78.66,51.78,37.84,35.94,46.33
887,18,5.82,69.49,61.28,62.86,35.21,38.75
888,23,5.51,62.9,79.82,63.87,43.51,57.38
889,21,6.37,75.4,76.83,68.58,50.57,61.83
890,18,7.88,74.3,74.52,65.23,58.8,42.72
891,24,7.4,100.0,57.07,78.47,62.8,42.64
892,24,2.53,83.2,69.28,58.62,32.04,36.28
893,18,0.5,61.47,39.34,16.24,0.0,13.67
894,22,7.37,71.22,74.68,57.2,43.44,36.87
895,21,2.77,90.26,93.43,58.6,31.63,48.38
896,21,5.05,100.0,49.89,51.99,38.32,50.9
897,23,3.16,58.97,63.21,49.81,40.79,32.53
898,21,1.9,55.44,76.94,62.43,21.62,51.97
899,24,6.58,100.0,90.79,84.17,62.44,58.52
900,20,7.02,82.68,65.28,73.67,44.89,61.34
901,22,4.35,67.58,61.62,54.55,37.57,55.56
902,21,0.5,84.42,42.47,11.46,1.66,30.74
903,23,4.41,46.37,73.55,56.13,29.39,51.29
904,24,6.28,78.04,100.0,90.74,60.93,66.94
905,20,2.54,81.93,76.16,51.54,33.79,35.87
906,19,5.87,89.09,71.67,67.91,36.44,70.13
907,19,5.47,65.83,76.83,60.95,43.47,43.58
908,20,6.66,79.03,71.83,55.84,52.85,54.59
909,24,5.74,66.89,59.8,54.62,23.19,52.6
910,23,3.55,81.06,84.35,63.7,30.32,49.22
911,20,7.89,67.26,75.39,66.48,66.01,62.9
912,22,5.18,73.1,72.26,58.12,34.77,55.99
913,22,5.45,66.05,57.37,43.94,37.92,55.44
914,19,3.63,85.81,91.55,76.08,52.25,56.43
915,21,4.61,88.3,81.97,60.59,45.41,40.33
916,23,3.73,75.18,63.71,64.49,40.25,40.67
917,19,5.15,78.46,87.03,83.77,50.28,63.48
918,21,8.92,60.62,64.54,70.38,52.37,49.45
919,21,2.76,74.4,60.27,34.09,14.87,32.4
920,25,2.27,77.4,60.6,21.56,0.2,14.14
921,22,8.44,100.0,45.43,44.04,44.08,38.27
922,24,5.08,64.66,79.07,50.08,34.25,69.1
923,18,4.16,95.57,44.53,54.93,30.27,39.45
924,24,7.58,89.96,53.57,60.94,35.51,47.33
925,18,4.29,81.37,40.87,43.53,,36.07
926,20,9.15,99.1,70.71,53.29,63.85,51.4
927,22,6.86,82.47,69.75,53.8,53.48,55.87
928,21,4.52,82.67,67.1,63.87,38.72,51.25
929,23,9.81,77.36,56.36,73.12,40.85,42.97
930,18,4.29,92.68,54.42,45.61,48.18,29.0
931,24,6.98,91.16,78.97,77.02,60.49,54.04
932,21,6.1,70.49,63.74,75.81,40.6,52.3
933,18,8.1,62.17,76.75,72.41,58.05,51.5
934,18,8.62,75.56,58.72,67.48,61.18,48.59
935,25,5.56,68.4,74.72,65.28,44.11,55.72
936,18,3.99,77.24,91.55,90.25,70.45,73.09
937,23,6.42,92.85,80.79,49.12,57.6,63.07
938,22,4.14,72.51,65.81,59.61,25.73,46.33
939,23,9.53,77.49,75.86,78.68,58.84,43.11
940,19,5.77,78.7,68.39,66.37,54.42,45.36
941,21,4.77,88.18,72.12,52.17,15.66,47.13
942,22,5.87,51.04,67.12,59.9,34.47,28.29
943,25,2.81,70.72,69.53,56.58,18.02,60.02
944,22,3.56,80.54,75.18,86.71,46.85,57.82
945,22,7.9,92.4,57.1,71.09,51.09,49.26
946,24,4.19,72.1,56.76,39.48,19.99,50.12
947,22,3.41,55.48,51.17,37.53,8.92,26.96
948,25,6.57,85.44,48.0,48.16,24.67,41.02
949,23,7.87,70.38,53.74,43.09,55.03,35.82
950,22,6.94,63.72,74.39,65.37,64.0,49.71
951,20,7.49,70.51,58.61,69.53,36.45,37.91
952,21,3.99,75.79,79.7,47.04,49.21,65.28
953,22,2.66,70.74,72.52,61.0,29.89,44.79
954,21,8.5,51.53,42.47,62.25,37.43,43.79
955,20,4.85,88.76,81.82,57.08,45.51,33.55
956,20,5.0,93.3,,64.87,46.03,67.14
957,21,8.16,85.82,57.09,80.01,65.76,58.25
958,18,6.61,64.35,78.3,76.85,54.05,57.08
959,19,6.41,75.58,59.15,58.27,35.77,40.52
960,24,9.83,77.92,73.47,77.35,52.75,58.85
961,18,4.21,85.19,53.03,46.79,20.51,59.5
962,18,7.36,86.02,45.1,49.11,21.69,16.78
963,23,5.61,69.19,66.26,37.85,,48.5
964,24,6.04,78.98,70.14,83.15,44.06,44.75
965,24,8.56,83.49,66.03,72.1,54.71,49.68
966,18,6.52,95.47,54.24,59.88,56.67,38.53
967,22,6.58,86.45,66.0,62.03,58.15,42.57
968,23,7.65,87.47,76.04,65.05,55.4,52.29
969,23,4.77,79.01,71.33,56.45,38.65,36.06
970,20,3.82,94.93,74.74,40.4,51.45,54.98
971,25,3.41,82.92,61.95,70.48,44.05,28.41
972,24,1.57,67.67,89.58,43.19,24.46,56.9
973,18,9.61,94.84,54.36,58.03,39.85,38.11
974,20,3.29,86.37,79.31,52.39,41.36,37.9
975,21,5.06,72.68,89.73,82.46,64.32,64.28
976,19,4.95,72.25,79.21,63.5,38.51,37.19
977,25,6.11,81.56,68.96,50.03,43.0,45.47
978,25,7.13,83.56,64.08,76.31,50.78,35.47
979,25,7.22,80.37,87.54,84.34,63.69,66.9
980,23,4.33,81.74,50.66,50.58,6.54,27.28
981,21,5.17,98.4,57.45,59.42,39.95,37.49
982,25,6.07,90.86,66.04,84.52,65.78,55.3
983,21,5.0,80.29,90.56,91.67,57.35,57.2
984,22,8.71,89.3,77.7,70.72,62.96,54.24
985,25,6.48,65.61,57.48,73.78,37.36,30.79
986,19,6.97,82.78,67.35,68.75,54.36,55.54
987,21,6.83,99.71,62.79,66.83,50.5,64.32
988,21,7.85,75.38,61.35,48.21,32.1,69.55
989,19,5.86,67.83,86.68,69.42,63.11,58.74
990,25,2.91,70.17,51.42,31.78,21.92,39.69
991,19,6.3,64.92,96.13,86.35,57.19,48.62
992,21,4.2,68.58,84.42,73.93,52.04,72.55
993,19,4.44,73.55,88.36,45.63,43.01,60.04
994,21,6.67,61.13,65.06,62.25,46.86,41.67
995,21,7.98,78.19,69.75,81.49,44.31,66.13
996,22,5.54,88.83,50.5,48.08,42.21,33.59
997,18,6.12,67.11,64.13,67.03,37.61,42.57
998,21,8.9,96.23,79.4,82.8,67.6,63.41
999,25,5.98,84.13,91.44,77.64,84.66,51.42
1000,20,10.7,90.37,55.39,70.57,63.56,55.46
1001,23,6.63,70.11,66.52,50.94,35.15,33.77
1002,24,1.98,88.25,69.73,35.05,3.33,30.14
1003,18,7.01,64.9,51.06,63.2,51.07,31.43
1004,18,6.26,88.68,80.87,69.72,43.53,62.98
1005,18,8.08,80.06,61.14,64.56,40.67,39.51
1006,22,6.85,84.64,69.07,61.13,45.4,34.6
1007,21,5.22,63.89,65.22,53.71,46.39,38.03
1008,22,3.05,67.26,60.16,55.76,34.08,41.46
1009,21,5.08,85.17,71.89,56.52,40.71,35.94
1010,25,3.8,66.62,68.77,39.61,27.72,30.28
1011,22,4.34,83.56,66.42,61.32,34.35,67.42
1012,22,6.68,61.59,61.07,58.25,39.28,35.11
1013,23,8.84,88.18,76.79,77.91,66.16,53.01
1014,20,6.29,63.21,96.8,94.48,74.78,65.08
1015,22,3.11,84.63,74.1,52.98,43.96,43.15
1016,23,6.39,85.51,86.94,76.27,64.74,66.0
1017,19,7.89,69.64,51.15,47.91,32.29,46.45
1018,20,4.28,84.98,74.37,55.83,46.91,45.43
1019,25,5.23,81.13,55.54,57.57,35.49,28.33
1020,22,5.53,71.53,49.85,33.98,12.47,45.05
1021,24,3.93,65.9,60.91,51.23,24.01,40.25
1022,18,6.8,54.45,89.88,77.63,56.15,78.85
1023,19,5.26,82.2,86.25,68.88,60.7,34.89
1024,19,6.34,59.22,75.65,77.33,48.45,56.91
1025,25,3.73,79.14,49.01,45.2,12.57,53.47
1026,23,4.63,74.84,69.06,71.26,44.33,46.51
1027,19,6.94,86.15,76.53,59.93,52.15,48.9
1028,20,4.75,74.38,74.63,61.42,43.29,53.08
1029,22,8.95,74.05,44.34,61.05,51.64,31.87
1030,22,4.7,86.78,58.65,40.37,38.66,34.54
1031,24,5.95,82.02,71.04,72.43,45.46,48.18
1032,25,7.37,81.79,80.04,96.73,63.54,55.77
1033,18,2.66,83.63,39.06,31.96,2.59,38.52
1034,23,1.98,59.57,69.57,51.23,29.52,49.22
1035,18,2.45,87.08,74.15,51.42,46.25,49.34
1036,19,8.03,85.35,84.74,71.57,59.45,66.12
1037,25,4.4,65.8,82.39,44.69,31.42,46.71
1038,24,10.62,75.07,80.74,79.81,82.99,51.2
1039,18,4.37,77.53,60.0,36.57,29.5,31.21
1040,20,5.87,76.39,43.38,64.38,39.78,37.1
1041,22,8.58,82.01,66.1,69.54,44.97,38.69
1042,19,9.51,95.18,87.02,82.45,81.0,57.15
1043,24,9.62,90.98,92.9,98.48,75.08,63.67
1044,18,7.92,62.25,82.66,65.91,42.7,76.9
1045,23,7.55,85.46,78.44,65.67,52.89,25.86
1046,20,6.69,93.95,77.69,70.15,52.03,52.38
1047,20,7.06,82.64,63.66,73.53,50.2,66.05
1048,18,4.4,91.09,70.05,61.13,30.02,49.12
1049,22,3.86,100.0,97.04,71.31,66.27,69.99
1050,18,5.49,90.28,57.86,54.58,49.01,42.05
1051,19,5.16,80.99,96.22,77.56,41.78,57.31
1052,18,4.59,90.54,67.17,57.33,49.53,23.29
1053,20,6.89,79.74,91.88,67.81,50.99,62.08
1054,24,7.41,78.29,50.9,58.1,48.47,31.52
1055,18,5.68,73.78,80.79,56.4,43.52,43.87
1056,22,8.46,96.76,60.95,68.15,56.82,41.59
1057,25,3.22,68.18,50.77,35.98,13.99,50.1
1058,24,5.11,96.39,75.28,87.25,70.95,81.01
1059,23,4.07,84.0,87.14,63.79,36.25,58.35
1060,21,1.77,61.21,59.33,25.65,13.38,28.9
1061,18,5.33,82.41,49.51,47.23,40.1,23.65
1062,22,5.26,52.8,70.62,65.06,44.41,54.05
1063,24,8.53,85.51,70.69,89.72,87.99,74.2
1064,22,6.76,88.62,80.22,65.28,50.13,51.64
1065,23,3.45,70.89,86.24,45.42,42.32,27.24
1066,20,9.21,79.48,71.11,84.11,64.28,62.03
1067,22,7.94,100.0,99.83,72.87,82.66,74.98
1068,24,6.66,71.93,75.36,63.75,47.97,35.66
1069,22,5.05,65.29,66.8,54.35,30.81,46.68
1070,22,3.58,95.78,47.83,39.93,36.15,36.91
1071,22,4.76,100.0,68.06,63.35,42.17,46.92
1072,19,7.68,78.04,66.95,60.7,35.58,39.32
1073,19,9.27,90.14,86.4,81.86,67.77,71.82
1074,20,8.59,94.1,78.94,77.62,72.41,53.04
1075,18,4.52,69.09,54.31,49.46,39.63,23.08
1076,22,3.26,72.18,74.58,55.04,34.7,27.64
1077,23,5.78,92.77,82.07,72.63,68.81,69.14
1078,18,1.96,98.22,94.92,68.5,37.27,66.5
1079,23,6.15,84.75,85.31,75.43,54.44,59.67
1080,18,5.2,67.44,83.41,71.23,46.13,52.24
1081,20,4.57,100.0,72.9,42.55,37.33,39.29
1082,22,2.31,71.63,77.82,52.55,31.48,37.98
1083,22,6.53,73.98,90.74,80.81,67.42,58.35
1084,21,4.43,82.11,52.01,53.63,27.17,16.72
1085,23,3.16,96.65,66.76,42.43,32.36,34.08
1086,18,0.5,88.25,60.41,28.64,12.19,31.36
1087,18,5.44,82.98,77.69,58.77,37.38,57.11
1088,25,9.04,83.56,90.45,91.29,74.74,
1089,25,8.82,78.52,63.05,80.3,58.01,58.6
1090,19,4.59,84.7,36.15,34.15,16.46,39.44
1091,21,4.3,47.65,65.82,62.46,31.23,56.89
1092,24,6.44,74.44,85.7,74.12,56.95,63.41
1093,25,3.5,80.9,80.06,56.81,35.43,51.22
1094,24,6.1,64.19,78.42,65.43,57.7,43.37
1095,19,7.03,82.64,67.8,72.88,42.76,57.89
1096,19,7.95,75.55,52.81,64.12,38.6,58.58
1097,19,5.3,99.07,79.73,87.81,88.1,62.58
1098,23,5.09,96.88,59.49,44.57,26.03,58.36
1099,23,3.74,72.41,100.0,75.16,40.97,49.47
1100,20,3.85,76.19,80.56,54.4,44.87,39.27
1101,20,5.05,77.11,63.29,46.3,13.71,49.87
1102,19,6.23,72.58,62.83,59.39,38.45,47.32
1103,21,7.33,80.34,70.61,69.52,72.37,64.12
1104,18,3.89,68.9,68.41,82.38,31.02,52.2
1105,23,8.49,64.43,88.75,80.91,46.2,53.61
1106,21,4.96,85.47,74.8,49.67,26.28,45.18
1107,22,5.46,85.55,61.03,58.12,48.36,28.03
1108,23,4.01,68.35,100.0,50.28,51.85,47.28
1109,23,0.65,88.74,72.74,41.69,18.75,53.04
1110,20,7.27,70.42,83.53,75.18,63.62,66.93
1111,18,6.97,81.04,62.88,70.42,62.39,51.27
1112,18,4.94,87.84,77.45,72.08,67.4,36.89
1113,25,5.63,77.6,76.67,59.67,42.77,47.24
1114,24,6.53,83.46,43.66,48.63,11.91,21.19
1115,24,2.37,71.8,100.0,56.84,33.26,71.57
1116,24,4.44,75.64,91.36,56.73,40.9,50.57
1117,24,7.09,75.53,66.04,67.78,46.43,37.58
1118,22,2.99,69.04,55.47,29.74,12.34,33.44
1119,22,6.09,75.88,77.21,62.67,57.53,45.53
1120,23,2.79,59.42,73.3,41.51,34.02,58.9
1121,19,6.43,72.11,77.34,73.76,51.04,47.5
1122,20,5.43,74.58,74.87,80.91,62.43,41.29
1123,20,2.27,74.93,79.59,39.84,29.55,24.82
1124,24,7.83,75.1,93.71,64.33,59.59,59.9
1125,23,4.03,77.26,80.52,59.16,49.37,46.41
1126,25,3.88,83.75,56.26,46.62,28.89,23.65
1127,21,5.9,88.49,92.44,76.63,80.19,74.12
1128,19,7.8,70.2,96.61,79.86,52.75,72.06
1129,23,3.47,63.56,100.0,66.87,41.75,62.3
1130,19,5.62,65.5,55.15,56.5,31.83,53.99
1131,19,6.36,72.15,75.64,77.44,57.39,61.61
1132,19,6.89,73.78,40.77,30.42,33.47,19.44
1133,23,5.85,68.76,80.3,63.89,46.38,43.18
1134,24,4.77,62.45,63.78,56.28,19.76,52.14
1135,20,3.84,72.53,100.0,61.2,54.79,65.22
1136,20,5.67,80.18,60.38,73.21,52.93,48.59
1137,24,3.36,85.14,46.66,32.73,0.0,21.56
1138,19,0.5,71.31,64.93,37.3,13.8,44.75
1139,21,6.37,73.04,42.37,54.35,17.36,26.69
1140,18,7.31,66.88,83.27,69.12,47.91,55.56
1141,23,0.77,77.62,41.02,7.19,0.0,34.92
1142,18,3.48,67.82,72.43,49.47,37.29,39.22
1143,25,6.74,84.88,40.83,59.71,38.64,19.26
1144,24,9.61,56.57,67.2,72.05,42.36,40.13
1145,21,5.54,73.68,96.65,66.86,61.88,71.54
1146,23,4.04,81.61,77.41,68.01,32.33,55.39
1147,24,5.13,80.21,59.05,49.71,36.46,38.99
1148,19,8.25,100.0,71.53,67.24,52.72,45.97
1149,20,4.21,82.2,72.27,58.08,36.31,52.95
1150,18,3.9,65.95,79.09,66.81,45.48,44.78
1151,22,4.53,76.85,51.5,70.28,42.16,44.93
1152,22,3.59,56.69,80.89,67.13,50.51,46.77
1153,21,5.75,77.03,31.43,51.87,25.1,19.57
1154,19,8.75,68.0,62.55,64.34,51.85,40.05
1155,25,6.15,88.98,64.68,49.9,36.84,39.36
1156,18,5.0,71.41,81.5,65.43,47.44,53.79
1157,19,4.92,76.6,72.34,60.52,45.41,51.27
1158,18,2.37,70.37,50.92,26.71,8.67,0.0
1159,21,7.27,98.87,57.23,58.79,31.76,34.19
1160,21,5.34,74.15,74.98,66.61,48.77,47.81
1161,25,5.14,99.99,70.81,63.11,51.88,63.98
1162,22,11.89,87.77,63.31,87.41,67.97,42.51
1163,19,6.1,83.78,64.79,62.93,33.67,48.04
1164,23,4.0,82.42,82.44,56.26,55.05,67.11
1165,22,4.65,82.73,64.23,48.78,38.48,
1166,19,7.8,54.87,70.68,58.07,40.92,52.21
1167,22,5.73,74.65,100.0,95.75,58.7,62.35
1168,23,2.62,88.14,50.64,38.48,12.55,28.02
1169,20,7.34,77.41,44.22,51.43,46.71,26.56
1170,20,4.16,61.14,83.75,53.43,37.37,44.77
1171,25,9.25,77.37,61.82,100.0,63.76,82.35
1172,20,7.66,98.45,67.23,56.88,56.31,54.83
1173,20,4.61,92.96,60.28,47.29,27.11,51.12
1174,24,8.06,77.26,68.1,73.86,69.08,56.05
1175,18,5.64,89.42,95.98,81.33,76.63,48.87
1176,24,7.21,73.6,84.03,84.62,58.31,64.72
1177,24,6.47,57.55,84.93,90.67,53.67,73.23
1178,25,3.81,66.91,50.76,48.21,0.0,27.31
1179,24,4.21,96.75,54.73,36.39,14.03,44.43
1180,20,7.56,74.71,29.41,43.85,14.33,33.13
1181,23,4.83,75.08,59.86,55.32,35.32,60.5
1182,25,4.69,74.4,86.35,86.95,54.09,57.59
1183,25,3.59,100.0,79.75,44.25,26.49,36.87
1184,21,6.35,97.51,68.68,75.19,53.76,47.67
1185,25,9.63,100.0,71.67,79.72,74.38,68.94
1186,21,3.36,76.09,61.67,55.75,35.54,24.25
1187,25,5.55,81.55,75.07,62.46,29.32,30.1
1188,18,8.32,59.8,83.49,70.79,54.85,58.24
1189,20,5.34,95.72,47.76,55.14,24.03,32.19
1190,25,6.4,63.99,76.49,74.24,58.51,54.66
1191,20,3.38,80.6,85.99,70.51,54.16,66.62
1192,20,6.36,64.83,65.77,61.47,32.88,41.03
1193,22,5.13,70.93,82.51,59.89,37.04,34.65
1194,25,7.47,67.95,100.0,69.3,56.44,84.64
1195,19,7.87,70.71,70.43,78.43,35.97,43.3
1196,22,10.68,71.53,77.9,89.8,75.62,49.58
1197,19,6.66,71.42,60.93,50.49,34.42,52.74
1198,20,6.15,88.0,74.72,60.32,57.48,46.4
1199,20,5.89,64.74,78.9,62.28,34.61,51.92
1200,22,4.79,80.65,74.92,45.55,30.69,51.13
